{"cameraMode":{"drawMode":0,"name":"Shaded","section":"Shading Mode"},"sceneLighting":true,"audioPlay":false,"sceneViewState":{"showFog":true,"showMaterialUpdate":true,"showSkybox":true,"showFlares":true,"showImageEffects":true,"showParticleSystems":true},"in2DMode":false,"pivot":{"x":-1.6675350666046143,"y":0.6000000238418579,"z":-3.3895609378814699},"rotation":{"x":0.012777291238307953,"y":-0.9767100214958191,"z":0.20543266832828523,"w":0.06073714792728424},"size":5.366025924682617,"orthographic":false}