{"cameraMode":{"drawMode":0,"name":"Shaded","section":"Shading Mode"},"sceneLighting":true,"audioPlay":false,"sceneViewState":{"showFog":true,"showMaterialUpdate":true,"showSkybox":true,"showFlares":true,"showImageEffects":true,"showParticleSystems":true},"in2DMode":false,"pivot":{"x":-4.87584924697876,"y":1.3100001811981202,"z":-3.1571340560913088},"rotation":{"x":0.160322368144989,"y":0.14892461895942689,"z":-0.02447477914392948,"w":0.9754669666290283},"size":2.623131275177002,"orthographic":false}