{"cameraMode":{"drawMode":0,"name":"Shaded","section":"Shading Mode"},"sceneLighting":true,"audioPlay":false,"sceneViewState":{"showFog":true,"showMaterialUpdate":true,"showSkybox":true,"showFlares":true,"showImageEffects":true,"showParticleSystems":true},"in2DMode":false,"pivot":{"x":1456.9735107421875,"y":561.2493896484375,"z":-36.1998291015625},"rotation":{"x":0.019764907658100129,"y":0.06624872982501984,"z":-0.001312751555815339,"w":0.9976148009300232},"size":897.7603759765625,"orthographic":false}